user_id,sku_id,time,model_id,type,cate,brand
100259,159398,2016-04-01 19:33:47,,6,4,752
100259,159398,2016-04-01 19:33:55,,6,4,752
100259,159398,2016-04-01 19:28:37,,6,4,752
100259,159398,2016-04-01 19:33:18,,6,4,752
56097,32453,2016-04-01 06:57:37,,6,9,640
100259,159398,2016-04-01 19:32:57,,6,4,752
100259,159398,2016-04-01 19:32:58,,6,4,752
100259,159398,2016-04-01 19:29:53,,6,4,752
100259,159398,2016-04-01 19:33:11,,6,4,752
91730,80365,2016-04-01 11:19:20,,6,4,678
70598,26709,2016-04-01 08:58:36,,6,8,214
56097,32453,2016-04-01 06:51:04,,6,9,640
56097,32453,2016-04-01 06:51:05,,6,9,640
100259,159398,2016-04-01 19:33:50,,6,4,752
75469,160523,2016-04-01 18:42:22,,6,6,901
70598,26709,2016-04-01 08:58:35,,6,8,214
2885,30282,2016-04-01 18:48:41,,6,7,587
51255,52343,2016-04-01 20:04:56,,6,8,489
100259,159398,2016-04-01 19:33:31,,6,4,752
41374,52343,2016-04-01 12:11:16,,6,8,489
100259,159398,2016-04-01 19:33:03,,6,4,752
100259,159398,2016-04-01 19:33:30,,6,4,752
41374,52343,2016-04-01 12:11:38,,6,8,489
41374,52343,2016-04-01 12:11:16,,6,8,489
41374,52343,2016-04-01 12:11:51,,6,8,489
41374,52343,2016-04-01 12:11:48,,6,8,489
41374,52343,2016-04-01 12:11:49,,6,8,489
73702,32863,2016-04-01 09:20:50,,6,4,658
2885,30282,2016-04-01 18:48:40,,6,7,587
41374,52343,2016-04-01 12:11:20,,6,8,489
75848,52343,2016-04-01 22:33:17,,6,8,489
75848,52343,2016-04-01 22:33:17,,6,8,489
56097,32453,2016-04-01 06:46:32,,6,9,640
56097,32453,2016-04-01 06:46:20,,6,9,640
56097,32453,2016-04-01 06:46:23,,6,9,640
103065,146820,2016-04-01 21:07:39,,6,6,165
103065,146820,2016-04-01 21:07:38,,6,6,165
56097,32453,2016-04-01 06:51:04,,6,9,640
84287,88898,2016-04-01 16:35:17,,6,7,46
91748,109432,2016-04-01 20:37:45,,6,10,618
91748,109432,2016-04-01 20:37:48,,6,10,618
75848,52343,2016-04-01 01:19:24,,6,8,489
75848,52343,2016-04-01 01:19:23,,6,8,489
95954,52343,2016-04-01 11:57:46,,6,8,489
95954,52343,2016-04-01 11:57:44,,6,8,489
84287,88898,2016-04-01 16:34:35,,6,7,46
84287,88898,2016-04-01 16:33:27,,6,7,46
84287,88898,2016-04-01 16:35:37,,6,7,46
84287,88898,2016-04-01 16:33:26,,6,7,46
67325,52343,2016-04-01 18:06:13,,6,8,489
84287,88898,2016-04-01 16:35:15,,6,7,46
83276,22876,2016-04-01 22:53:53,,6,8,766
83276,22876,2016-04-01 23:00:25,,6,8,766
83276,22876,2016-04-01 22:59:17,,6,8,766
67325,52343,2016-04-01 18:06:11,,6,8,489
76313,52343,2016-04-01 14:35:30,,6,8,489
76313,52343,2016-04-01 14:36:13,,6,8,489
73702,32863,2016-04-01 09:20:50,,6,4,658
76313,52343,2016-04-01 14:35:34,,6,8,489
76313,52343,2016-04-01 14:36:10,,6,8,489
2940,49058,2016-04-01 00:15:46,,6,4,375
2940,49058,2016-04-01 05:13:29,,6,4,375
83276,22876,2016-04-01 22:56:36,,6,8,766
83276,22876,2016-04-01 22:59:35,,6,8,766
2940,49058,2016-04-01 00:15:47,,6,4,375
76313,52343,2016-04-01 14:36:11,,6,8,489
76313,52343,2016-04-01 14:36:12,,6,8,489
95237,52343,2016-04-01 11:12:16,,6,8,489
2940,49058,2016-04-01 21:54:03,,6,4,375
73201,163493,2016-04-01 05:41:46,,6,8,306
95237,52343,2016-04-01 17:21:20,,6,8,489
73201,163493,2016-04-01 05:41:46,,6,8,306
83276,22876,2016-04-01 22:23:57,,6,8,766
83276,22876,2016-04-01 22:59:57,,6,8,766
83276,22876,2016-04-01 22:23:57,,6,8,766
83276,22876,2016-04-01 22:59:34,,6,8,766
83276,22876,2016-04-01 22:21:13,,6,8,766
83276,22876,2016-04-01 22:59:39,,6,8,766
83276,22876,2016-04-01 23:00:37,,6,8,766
83276,22876,2016-04-01 22:59:28,,6,8,766
83276,22876,2016-04-01 22:55:01,,6,8,766
83276,22876,2016-04-01 22:53:53,,6,8,766
83276,22876,2016-04-01 22:59:29,,6,8,766
83276,22876,2016-04-01 23:00:01,,6,8,766
83276,22876,2016-04-01 22:59:57,,6,8,766
83276,22876,2016-04-01 23:00:20,,6,8,766
83276,22876,2016-04-01 22:55:01,,6,8,766
95237,52343,2016-04-01 11:06:55,,6,8,489
76313,49478,2016-04-01 17:11:58,,6,6,489
95237,52343,2016-04-01 17:22:04,,6,8,489
95237,52343,2016-04-01 17:21:18,,6,8,489
95237,52343,2016-04-01 11:10:51,,6,8,489
76313,49478,2016-04-01 17:11:17,,6,6,489
95237,52343,2016-04-01 11:06:57,,6,8,489
2940,49058,2016-04-01 05:13:28,,6,4,375
81086,12057,2016-04-01 20:04:46,,6,7,713
81086,12057,2016-04-01 20:11:00,,6,7,713
83276,22876,2016-04-01 22:59:20,,6,8,766
83276,22876,2016-04-01 22:21:12,,6,8,766
87371,22876,2016-04-01 21:58:26,,6,8,766
78570,60591,2016-04-01 01:46:34,,6,4,159
78570,60591,2016-04-01 01:46:32,,6,4,159
80452,135376,2016-04-01 13:21:32,,6,4,453
43435,51151,2016-04-01 11:38:20,,6,8,800
95237,52343,2016-04-01 11:12:14,,6,8,489
81086,12057,2016-04-01 20:11:04,,6,7,713
76313,49478,2016-04-01 17:11:17,,6,6,489
76313,49478,2016-04-01 17:11:03,,6,6,489
76313,49478,2016-04-01 17:11:06,,6,6,489
76313,49478,2016-04-01 17:12:02,,6,6,489
80452,135376,2016-04-01 13:21:22,,6,4,453
80452,135376,2016-04-01 13:21:22,,6,4,453
88724,135376,2016-04-01 16:10:29,,6,4,453
96686,168200,2016-04-01 04:18:57,,6,5,306
96686,168200,2016-04-01 04:18:56,,6,5,306
95237,52343,2016-04-01 17:22:05,,6,8,489
95237,52343,2016-04-01 11:10:50,,6,8,489
82868,168200,2016-04-01 12:47:09,,6,5,306
82868,168200,2016-04-01 12:47:35,,6,5,306
96686,52343,2016-04-01 04:35:29,,6,8,489
87589,52343,2016-04-01 11:18:14,,6,8,489
82868,168200,2016-04-01 12:47:09,,6,5,306
88097,52343,2016-04-01 18:00:57,,6,8,489
88097,52343,2016-04-01 13:59:05,,6,8,489
88724,135376,2016-04-01 16:10:28,,6,4,453
65249,135376,2016-04-01 11:29:23,,6,4,453
65249,135376,2016-04-01 11:29:24,,6,4,453
65249,135376,2016-04-01 11:32:14,,6,4,453
65249,135376,2016-04-01 11:32:14,,6,4,453
4229,80030,2016-04-01 05:27:21,,6,8,693
4229,80030,2016-04-01 05:27:26,,6,8,693
4229,80030,2016-04-01 05:27:32,,6,8,693
82868,168200,2016-04-01 12:47:14,,6,5,306
4229,80030,2016-04-01 05:23:51,,6,8,693
4229,80030,2016-04-01 05:23:51,,6,8,693
4229,80030,2016-04-01 05:27:41,,6,8,693
88097,52343,2016-04-01 13:59:03,,6,8,489
88097,52343,2016-04-01 18:00:58,,6,8,489
88097,52343,2016-04-01 17:58:29,,6,8,489
88097,52343,2016-04-01 17:58:44,,6,8,489
4229,80030,2016-04-01 05:27:56,,6,8,693
4229,80030,2016-04-01 05:27:21,,6,8,693
4229,80030,2016-04-01 05:27:29,,6,8,693
4229,80030,2016-04-01 05:27:57,,6,8,693
4229,80030,2016-04-01 05:27:39,,6,8,693
4229,80030,2016-04-01 05:27:34,,6,8,693
4229,80030,2016-04-01 05:23:56,,6,8,693
4229,80030,2016-04-01 05:23:52,,6,8,693
101467,126791,2016-04-01 04:55:23,,6,5,479
101467,126791,2016-04-01 04:55:24,,6,5,479
44024,85650,2016-04-01 23:57:51,,6,6,489
44024,85650,2016-04-01 15:32:21,,6,6,489
61369,59841,2016-04-01 16:15:16,,6,7,489
88097,52343,2016-04-01 14:07:45,,6,8,489
88097,52343,2016-04-01 14:07:45,,6,8,489
88097,52343,2016-04-01 17:58:25,,6,8,489
88097,52343,2016-04-01 17:58:30,,6,8,489
88097,52343,2016-04-01 17:59:05,,6,8,489
88097,52343,2016-04-01 17:58:11,,6,8,489
44024,85650,2016-04-01 15:32:21,,6,6,489
44024,85650,2016-04-01 23:57:44,,6,6,489
44024,85650,2016-04-01 23:57:41,,6,6,489
44024,85650,2016-04-01 15:31:43,,6,6,489
44024,85650,2016-04-01 23:57:41,,6,6,489
44024,85650,2016-04-01 23:57:54,,6,6,489
44024,85650,2016-04-01 23:57:54,,6,6,489
44024,85650,2016-04-01 23:57:49,,6,6,489
44024,85650,2016-04-01 15:31:42,,6,6,489
15342,85650,2016-04-01 03:05:18,,6,6,489
15342,85650,2016-04-01 03:05:17,,6,6,489
47601,85650,2016-04-01 22:04:03,,6,6,489
88097,52343,2016-04-01 17:58:11,,6,8,489
47601,85650,2016-04-01 22:04:00,,6,6,489
61369,59841,2016-04-01 16:15:16,,6,7,489
47601,85650,2016-04-01 22:04:01,,6,6,489
47601,85650,2016-04-01 22:04:03,,6,6,489
48242,65823,2016-04-01 23:54:58,,6,6,78
45965,65823,2016-04-01 10:52:01,,6,6,78
45965,65823,2016-04-01 10:49:01,,6,6,78
45965,65823,2016-04-01 10:54:49,,6,6,78
45965,65823,2016-04-01 10:51:57,,6,6,78
82868,168200,2016-04-01 12:47:14,,6,5,306
62538,2171,2016-04-01 01:38:27,,6,4,519
62538,2171,2016-04-01 01:38:28,,6,4,519
88097,52343,2016-04-01 13:58:50,,6,8,489
88097,52343,2016-04-01 13:58:50,,6,8,489
96686,52343,2016-04-01 04:35:29,,6,8,489
91459,79520,2016-04-01 18:51:10,,6,8,489
91459,79520,2016-04-01 18:51:11,,6,8,489
45965,65823,2016-04-01 10:51:58,,6,6,78
45965,65823,2016-04-01 10:49:00,,6,6,78
45965,65823,2016-04-01 10:55:08,,6,6,78
45965,65823,2016-04-01 10:55:16,,6,6,78
51490,65823,2016-04-01 12:52:43,,6,6,78
51490,65823,2016-04-01 12:53:18,,6,6,78
51490,65823,2016-04-01 12:52:51,,6,6,78
51490,65823,2016-04-01 12:52:34,,6,6,78
51490,65823,2016-04-01 12:54:12,,6,6,78
51490,65823,2016-04-01 12:53:46,,6,6,78
51490,65823,2016-04-01 12:53:03,,6,6,78
51490,65823,2016-04-01 12:53:29,,6,6,78
51490,65823,2016-04-01 12:52:53,,6,6,78
51490,65823,2016-04-01 12:52:35,,6,6,78
51490,65823,2016-04-01 12:54:09,,6,6,78
51490,65823,2016-04-01 12:53:39,,6,6,78
51490,65823,2016-04-01 12:54:09,,6,6,78
51490,65823,2016-04-01 12:52:51,,6,6,78
51490,65823,2016-04-01 12:53:38,,6,6,78
51490,65823,2016-04-01 12:55:25,,6,6,78
51490,65823,2016-04-01 12:53:10,,6,6,78
51490,65823,2016-04-01 12:53:18,,6,6,78
51490,65823,2016-04-01 12:53:03,,6,6,78
46496,65823,2016-04-01 12:26:42,,6,6,78
46496,65823,2016-04-01 12:24:49,,6,6,78
46496,65823,2016-04-01 12:26:48,,6,6,78
46496,65823,2016-04-01 12:24:50,,6,6,78
46496,65823,2016-04-01 12:24:15,,6,6,78
46496,65823,2016-04-01 12:24:41,,6,6,78
46496,65823,2016-04-01 12:26:40,,6,6,78
46496,65823,2016-04-01 12:26:48,,6,6,78
46496,65823,2016-04-01 12:24:16,,6,6,78
46496,65823,2016-04-01 12:24:52,,6,6,78
91459,68767,2016-04-01 19:19:36,,6,8,545
91459,68767,2016-04-01 19:10:13,,6,8,545
91459,68767,2016-04-01 19:10:14,,6,8,545
91459,68767,2016-04-01 19:19:58,,6,8,545
91459,68767,2016-04-01 19:20:25,,6,8,545
91459,68767,2016-04-01 19:19:23,,6,8,545
91459,68767,2016-04-01 12:00:37,,6,8,545
91459,68767,2016-04-01 12:00:36,,6,8,545
91459,79520,2016-04-01 18:51:46,,6,8,489
91459,79520,2016-04-01 18:55:05,,6,8,489
95981,157215,2016-04-01 11:37:51,,6,7,306
95981,157215,2016-04-01 11:37:50,,6,7,306
91459,79520,2016-04-01 18:51:43,,6,8,489
25712,79520,2016-04-01 09:31:47,,6,8,489
25712,79520,2016-04-01 09:31:46,,6,8,489
91241,79520,2016-04-01 09:46:53,,6,8,489
91241,79520,2016-04-01 09:46:00,,6,8,489
91241,79520,2016-04-01 09:44:46,,6,8,489
100558,79520,2016-04-01 22:13:29,,6,8,489
100558,79520,2016-04-01 22:13:29,,6,8,489
61094,79520,2016-04-01 03:17:10,,6,8,489
61094,79520,2016-04-01 03:17:12,,6,8,489
44524,79520,2016-04-01 21:02:15,,6,8,489
44524,79520,2016-04-01 21:03:10,,6,8,489
44524,79520,2016-04-01 21:02:17,,6,8,489
95981,157215,2016-04-01 11:38:03,,6,7,306
44524,79520,2016-04-01 21:03:11,,6,8,489
71483,79520,2016-04-01 16:35:59,,6,8,489
71483,79520,2016-04-01 16:36:16,,6,8,489
71483,79520,2016-04-01 16:35:59,,6,8,489
18540,62476,2016-04-01 16:18:37,,6,8,214
18540,62476,2016-04-01 16:18:48,,6,8,214
18540,62476,2016-04-01 16:19:56,,6,8,214
71483,79520,2016-04-01 16:36:16,,6,8,489
71483,79520,2016-04-01 16:35:59,,6,8,489
76313,79520,2016-04-01 14:23:27,,6,8,489
76313,79520,2016-04-01 14:23:27,,6,8,489
76313,79520,2016-04-01 14:24:43,,6,8,489
76313,79520,2016-04-01 14:30:25,,6,8,489
18540,62476,2016-04-01 16:18:38,,6,8,214
18540,62476,2016-04-01 16:20:50,,6,8,214
76313,79520,2016-04-01 14:20:48,,6,8,489
18540,62476,2016-04-01 16:18:20,,6,8,214
18540,62476,2016-04-01 16:19:59,,6,8,214
91459,68767,2016-04-01 19:10:24,,6,8,545
91459,68767,2016-04-01 19:12:10,,6,8,545
91459,68767,2016-04-01 19:10:22,,6,8,545
91459,68767,2016-04-01 19:19:07,,6,8,545
91459,68767,2016-04-01 19:11:16,,6,8,545
91459,68767,2016-04-01 19:13:32,,6,8,545
91459,68767,2016-04-01 19:19:11,,6,8,545
91459,68767,2016-04-01 19:21:06,,6,8,545
67860,68767,2016-04-01 13:27:22,,6,8,545
67860,68767,2016-04-01 13:27:21,,6,8,545
67860,68767,2016-04-01 13:27:21,,6,8,545
69990,68767,2016-04-01 22:14:35,,6,8,545
69990,68767,2016-04-01 22:13:24,,6,8,545
69990,68767,2016-04-01 22:14:35,,6,8,545
69990,68767,2016-04-01 22:13:25,,6,8,545
5565,68767,2016-04-01 15:09:11,,6,8,545
5565,68767,2016-04-01 15:08:49,,6,8,545
5565,68767,2016-04-01 15:09:11,,6,8,545
5565,68767,2016-04-01 15:08:50,,6,8,545
47063,68767,2016-04-01 08:59:23,,6,8,545
47063,68767,2016-04-01 08:59:21,,6,8,545
47063,68767,2016-04-01 08:57:40,,6,8,545
47063,68767,2016-04-01 09:08:18,,6,8,545
47063,68767,2016-04-01 09:07:16,,6,8,545
76313,79520,2016-04-01 14:23:26,,6,8,489
47063,68767,2016-04-01 08:58:18,,6,8,545
47063,68767,2016-04-01 08:57:39,,6,8,545
47063,68767,2016-04-01 08:58:20,,6,8,545
76313,79520,2016-04-01 14:25:19,,6,8,489
76313,79520,2016-04-01 14:25:48,,6,8,489
76313,79520,2016-04-01 14:25:19,,6,8,489
47063,68767,2016-04-01 09:07:17,,6,8,545
76313,79520,2016-04-01 14:25:10,,6,8,489
76313,79520,2016-04-01 14:29:58,,6,8,489
76313,79520,2016-04-01 14:23:27,,6,8,489
76313,79520,2016-04-01 14:25:19,,6,8,489
80368,109726,2016-04-01 20:04:49,,6,8,214
80368,109726,2016-04-01 20:04:49,,6,8,214
55921,109726,2016-04-01 23:38:45,,6,8,214
55921,109726,2016-04-01 23:38:44,,6,8,214
18540,62476,2016-04-01 16:18:19,,6,8,214
18540,62476,2016-04-01 16:20:52,,6,8,214
55921,109726,2016-04-01 23:38:39,,6,8,214
55921,109726,2016-04-01 23:38:33,,6,8,214
55921,109726,2016-04-01 23:38:34,,6,8,214
55921,109726,2016-04-01 23:38:33,,6,8,214
55921,109726,2016-04-01 23:38:47,,6,8,214
76313,79520,2016-04-01 14:20:23,,6,8,489
4020,145008,2016-04-01 21:20:53,,6,5,355
76313,79520,2016-04-01 14:37:54,,6,8,489
4020,145008,2016-04-01 21:20:53,,6,5,355
98564,105559,2016-04-01 22:52:33,,6,8,214
98564,105559,2016-04-01 22:49:41,,6,8,214
98564,105559,2016-04-01 22:49:41,,6,8,214
98564,105559,2016-04-01 22:48:23,,6,8,214
76313,79520,2016-04-01 14:24:27,,6,8,489
76313,79520,2016-04-01 14:29:58,,6,8,489
76313,79520,2016-04-01 14:37:56,,6,8,489
76313,79520,2016-04-01 14:30:08,,6,8,489
76313,79520,2016-04-01 14:20:26,,6,8,489
93776,69460,2016-04-01 20:14:10,,6,5,78
93776,69460,2016-04-01 20:14:24,,6,5,78
93776,69460,2016-04-01 20:14:24,,6,5,78
2691,69460,2016-04-01 17:18:37,,6,5,78
2691,69460,2016-04-01 17:18:37,,6,5,78
6988,21078,2016-04-01 21:45:13,,6,5,78
44211,21078,2016-04-01 08:43:48,,6,5,78
44211,21078,2016-04-01 08:43:48,,6,5,78
44211,21078,2016-04-01 08:43:48,,6,5,78
6988,21078,2016-04-01 21:45:13,,6,5,78
76313,79520,2016-04-01 14:24:07,,6,8,489
76313,79520,2016-04-01 14:29:58,,6,8,489
76313,79520,2016-04-01 14:37:49,,6,8,489
60621,21078,2016-04-01 17:53:54,,6,5,78
62146,111453,2016-04-01 06:58:54,,6,7,306
62146,111453,2016-04-01 06:58:53,,6,7,306
76313,79520,2016-04-01 14:29:56,,6,8,489
3062,166345,2016-04-01 18:58:43,,6,9,306
62146,111453,2016-04-01 07:03:42,,6,7,306
51419,37578,2016-04-01 22:44:31,,6,5,78
76313,79520,2016-04-01 14:25:16,,6,8,489
76313,79520,2016-04-01 14:24:10,,6,8,489
76313,79520,2016-04-01 14:30:26,,6,8,489
76313,79520,2016-04-01 14:24:54,,6,8,489
76313,79520,2016-04-01 14:20:51,,6,8,489
3062,166345,2016-04-01 18:58:44,,6,9,306
75848,79520,2016-04-01 01:19:38,,6,8,489
75848,79520,2016-04-01 01:19:38,,6,8,489
93903,79520,2016-04-01 11:42:48,,6,8,489
93903,79520,2016-04-01 11:43:42,,6,8,489
60621,21078,2016-04-01 17:53:54,,6,5,78
93903,79520,2016-04-01 11:42:41,,6,8,489
93903,79520,2016-04-01 11:42:43,,6,8,489
60421,56792,2016-04-01 17:08:10,,6,8,489
101815,92359,2016-04-01 10:37:58,,6,9,301
74677,10098,2016-04-01 10:41:03,,6,7,157
43435,51151,2016-04-01 11:38:22,,6,8,800
60621,21078,2016-04-01 17:54:19,,6,5,78
51419,37578,2016-04-01 22:44:29,,6,5,78
43625,37578,2016-04-01 21:24:45,,6,5,78
43625,37578,2016-04-01 21:26:50,,6,5,78
60421,56792,2016-04-01 17:08:17,,6,8,489
60421,56792,2016-04-01 17:07:19,,6,8,489
60421,56792,2016-04-01 17:06:36,,6,8,489
43625,37578,2016-04-01 21:24:45,,6,5,78
60421,56792,2016-04-01 17:08:05,,6,8,489
60421,56792,2016-04-01 17:08:14,,6,8,489
60421,56792,2016-04-01 17:06:37,,6,8,489
43625,37578,2016-04-01 21:26:50,,6,5,78
57823,56792,2016-04-01 23:30:07,,6,8,489
57823,56792,2016-04-01 23:30:09,,6,8,489
75848,56792,2016-04-01 22:33:30,,6,8,489
75848,56792,2016-04-01 22:33:30,,6,8,489
97603,56792,2016-04-01 21:58:10,,6,8,489
97603,56792,2016-04-01 21:58:10,,6,8,489
31736,56792,2016-04-01 17:06:11,,6,8,489
31736,56792,2016-04-01 17:06:10,,6,8,489
67596,56792,2016-04-01 10:14:14,,6,8,489
67596,56792,2016-04-01 10:14:53,,6,8,489
59132,37578,2016-04-01 06:06:25,,6,5,78
59132,37578,2016-04-01 06:06:19,,6,5,78
1343,21078,2016-04-01 11:07:39,,6,5,78
1343,21078,2016-04-01 11:07:38,,6,5,78
93776,21078,2016-04-01 20:15:04,,6,5,78
93776,21078,2016-04-01 20:15:04,,6,5,78
93776,21078,2016-04-01 20:15:04,,6,5,78
93776,21078,2016-04-01 20:12:53,,6,5,78
93776,21078,2016-04-01 20:12:37,,6,5,78
67596,56792,2016-04-01 10:14:41,,6,8,489
62567,37578,2016-04-01 09:41:46,,6,5,78
2885,21078,2016-04-01 11:58:20,,6,5,78
38465,21078,2016-04-01 21:45:38,,6,5,78
2885,21078,2016-04-01 11:58:20,,6,5,78
43435,51151,2016-04-01 11:38:30,,6,8,800
62567,37578,2016-04-01 09:41:43,,6,5,78
67596,56792,2016-04-01 10:14:12,,6,8,489
91241,166707,2016-04-01 09:25:38,,6,8,489
46955,78335,2016-04-01 10:17:24,,6,8,30
46955,78335,2016-04-01 10:17:41,,6,8,30
46955,78335,2016-04-01 10:17:40,,6,8,30
103065,114823,2016-04-01 21:14:30,,6,6,165
103065,114823,2016-04-01 21:14:29,,6,6,165
46776,129598,2016-04-01 14:10:36,,6,4,174
46776,129598,2016-04-01 14:11:21,,6,4,174
87858,139654,2016-04-01 17:10:34,,6,6,124
91241,166707,2016-04-01 09:25:44,,6,8,489
46776,129598,2016-04-01 14:10:36,,6,4,174
97892,129598,2016-04-01 13:06:12,,6,4,174
97892,129598,2016-04-01 13:09:50,,6,4,174
50014,166707,2016-04-01 20:46:39,,6,8,489
88097,129598,2016-04-01 19:32:04,,6,4,174
50014,166707,2016-04-01 20:46:39,,6,8,489
88097,129598,2016-04-01 19:30:43,,6,4,174
88097,129598,2016-04-01 08:51:52,,6,4,174
88097,129598,2016-04-01 08:51:52,,6,4,174
65503,166707,2016-04-01 06:14:29,,6,8,489
88097,129598,2016-04-01 12:20:29,,6,4,174
88097,129598,2016-04-01 08:50:13,,6,4,174
88097,129598,2016-04-01 19:31:25,,6,4,174
88097,129598,2016-04-01 19:30:24,,6,4,174
88097,129598,2016-04-01 08:48:20,,6,4,174
88097,129598,2016-04-01 19:30:31,,6,4,174
88097,129598,2016-04-01 19:30:31,,6,4,174
88097,129598,2016-04-01 19:31:12,,6,4,174
88097,129598,2016-04-01 19:30:00,,6,4,174
88097,129598,2016-04-01 12:20:31,,6,4,174
88097,129598,2016-04-01 08:48:43,,6,4,174
88097,129598,2016-04-01 19:30:40,,6,4,174
88097,129598,2016-04-01 19:30:49,,6,4,174
88097,129598,2016-04-01 19:30:44,,6,4,174
88097,129598,2016-04-01 19:30:56,,6,4,174
88097,129598,2016-04-01 08:53:15,,6,4,174
88097,129598,2016-04-01 19:31:27,,6,4,174
88097,129598,2016-04-01 19:30:01,,6,4,174
88097,129598,2016-04-01 19:30:45,,6,4,174
88097,129598,2016-04-01 19:32:09,,6,4,174
88097,129598,2016-04-01 12:20:29,,6,4,174
88097,129598,2016-04-01 19:30:53,,6,4,174
88097,129598,2016-04-01 19:31:11,,6,4,174
88097,129598,2016-04-01 08:50:03,,6,4,174
88097,129598,2016-04-01 08:50:03,,6,4,174
88097,129598,2016-04-01 19:32:00,,6,4,174
88097,129598,2016-04-01 19:31:16,,6,4,174
88097,129598,2016-04-01 19:32:00,,6,4,174
88097,129598,2016-04-01 19:30:46,,6,4,174
88097,129598,2016-04-01 19:31:22,,6,4,174
88097,129598,2016-04-01 19:31:22,,6,4,174
88097,129598,2016-04-01 19:30:52,,6,4,174
88097,129598,2016-04-01 12:20:31,,6,4,174
88097,129598,2016-04-01 08:48:51,,6,4,174
88097,129598,2016-04-01 19:30:57,,6,4,174
88097,129598,2016-04-01 19:31:58,,6,4,174
88097,129598,2016-04-01 08:53:15,,6,4,174
88097,129598,2016-04-01 08:48:21,,6,4,174
88097,129598,2016-04-01 08:48:49,,6,4,174
88097,129598,2016-04-01 08:48:39,,6,4,174
86034,93852,2016-04-01 07:58:46,,6,9,640
86034,93852,2016-04-01 07:58:44,,6,9,640
100592,163392,2016-04-01 22:39:18,,6,8,214
100592,163392,2016-04-01 22:39:17,,6,8,214
45965,55528,2016-04-01 10:43:15,,6,4,159
45965,55528,2016-04-01 10:46:55,,6,4,159
45965,55528,2016-04-01 10:43:13,,6,4,159
45965,55528,2016-04-01 10:44:24,,6,4,159
45965,55528,2016-04-01 10:44:53,,6,4,159
45965,55528,2016-04-01 10:44:57,,6,4,159
45965,55528,2016-04-01 10:46:57,,6,4,159
5108,167310,2016-04-01 07:55:15,,6,8,214
5108,167310,2016-04-01 07:55:15,,6,8,214
85079,119111,2016-04-01 19:01:17,,6,8,214
85079,119111,2016-04-01 19:01:18,,6,8,214
63094,131655,2016-04-01 19:09:41,,6,8,214
63094,131655,2016-04-01 19:09:42,,6,8,214
71520,127735,2016-04-01 14:38:56,,6,8,214
71520,127735,2016-04-01 14:38:58,,6,8,214
25433,127735,2016-04-01 17:14:51,,6,8,214
25433,127735,2016-04-01 17:14:54,,6,8,214
65503,166707,2016-04-01 06:14:26,,6,8,489
85699,24048,2016-04-01 20:32:22,,6,4,36
85699,24048,2016-04-01 20:33:07,,6,4,36
85699,24048,2016-04-01 20:32:23,,6,4,36
85699,24048,2016-04-01 20:33:07,,6,4,36
2509,24048,2016-04-01 09:32:15,,6,4,36
2172,59259,2016-04-01 23:23:39,,6,4,658
87858,139654,2016-04-01 17:10:34,,6,6,124
61141,102732,2016-04-01 03:54:51,,6,5,893
2172,59259,2016-04-01 23:23:54,,6,4,658
75469,160523,2016-04-01 18:42:23,,6,6,901
22846,37578,2016-04-01 21:10:12,,6,5,78
75469,160523,2016-04-01 18:42:22,,6,6,901
65476,166707,2016-04-01 11:01:10,,6,8,489
65476,166707,2016-04-01 11:01:09,,6,8,489
65476,166707,2016-04-01 11:01:06,,6,8,489
65476,166707,2016-04-01 11:01:05,,6,8,489
29948,144364,2016-04-01 02:17:37,,6,8,48
22846,37578,2016-04-01 21:10:19,,6,5,78
49152,166707,2016-04-01 09:01:54,,6,8,489
29948,144364,2016-04-01 02:00:21,,6,8,48
2172,59259,2016-04-01 23:23:40,,6,4,658
97835,59259,2016-04-01 19:03:30,,6,4,658
97835,59259,2016-04-01 19:03:24,,6,4,658
97835,59259,2016-04-01 19:07:23,,6,4,658
97835,59259,2016-04-01 19:07:39,,6,4,658
97835,59259,2016-04-01 19:07:39,,6,4,658
97835,59259,2016-04-01 19:07:39,,6,4,658
97835,59259,2016-04-01 19:07:24,,6,4,658
97835,59259,2016-04-01 19:04:18,,6,4,658
97835,59259,2016-04-01 19:07:22,,6,4,658
97835,59259,2016-04-01 19:07:40,,6,4,658
97835,59259,2016-04-01 19:07:21,,6,4,658
97835,59259,2016-04-01 19:05:53,,6,4,658
49152,166707,2016-04-01 09:01:55,,6,8,489
73806,166707,2016-04-01 08:33:56,,6,8,489
61141,102732,2016-04-01 03:52:23,,6,5,893
61141,102732,2016-04-01 03:52:23,,6,5,893
2509,59259,2016-04-01 09:27:47,,6,4,658
2509,59259,2016-04-01 09:27:48,,6,4,658
3062,118243,2016-04-01 18:54:46,,6,9,306
3062,118243,2016-04-01 18:54:45,,6,9,306
48840,148735,2016-04-01 15:44:11,,6,9,306
48840,148735,2016-04-01 16:07:37,,6,9,306
3062,148735,2016-04-01 18:53:10,,6,9,306
48840,148735,2016-04-01 15:44:12,,6,9,306
3062,148735,2016-04-01 18:53:10,,6,9,306
54233,163918,2016-04-01 09:55:56,,6,6,124
54233,163918,2016-04-01 09:55:44,,6,6,124
54233,163918,2016-04-01 09:56:05,,6,6,124
54233,163918,2016-04-01 09:55:47,,6,6,124
97758,82357,2016-04-01 20:55:35,,6,8,489
97758,82357,2016-04-01 20:56:03,,6,8,489
96873,82357,2016-04-01 11:09:08,,6,8,489
96873,82357,2016-04-01 10:54:03,,6,8,489
83029,34624,2016-04-01 21:27:52,,6,8,489
73806,166707,2016-04-01 08:34:25,,6,8,489
73806,166707,2016-04-01 08:34:25,,6,8,489
69093,97966,2016-04-01 18:11:19,,6,8,489
69093,97966,2016-04-01 18:11:30,,6,8,489
69093,97966,2016-04-01 18:11:30,,6,8,489
56359,69586,2016-04-01 01:46:07,,6,8,489
56359,69586,2016-04-01 01:46:09,,6,8,489
73806,83098,2016-04-01 08:42:14,,6,8,489
56359,157315,2016-04-01 01:48:14,,6,8,489
56359,157315,2016-04-01 01:47:53,,6,8,489
56359,157315,2016-04-01 01:48:13,,6,8,489
56359,157315,2016-04-01 01:47:52,,6,8,489
56359,13324,2016-04-01 02:07:13,,6,8,489
56359,13324,2016-04-01 02:08:05,,6,8,489
56359,13324,2016-04-01 02:07:11,,6,8,489
56359,13324,2016-04-01 02:07:10,,6,8,489
56359,69416,2016-04-01 01:27:02,,6,8,489
56359,69416,2016-04-01 01:23:28,,6,8,489
56359,69416,2016-04-01 02:12:18,,6,8,489
56359,69416,2016-04-01 01:25:42,,6,8,489
56359,69416,2016-04-01 01:31:05,,6,8,489
56359,69416,2016-04-01 01:23:28,,6,8,489
56359,69416,2016-04-01 02:12:18,,6,8,489
56359,69416,2016-04-01 02:12:01,,6,8,489
56359,69416,2016-04-01 01:22:28,,6,8,489
73806,166707,2016-04-01 08:34:08,,6,8,489
56359,69416,2016-04-01 01:22:57,,6,8,489
56359,69416,2016-04-01 01:23:28,,6,8,489
56359,69416,2016-04-01 01:31:02,,6,8,489
56359,69416,2016-04-01 01:22:42,,6,8,489
56359,69416,2016-04-01 01:23:12,,6,8,489
56359,69416,2016-04-01 01:32:11,,6,8,489
56359,69416,2016-04-01 01:26:39,,6,8,489
56359,69416,2016-04-01 01:25:58,,6,8,489
56359,69416,2016-04-01 01:25:41,,6,8,489
56359,69416,2016-04-01 01:22:31,,6,8,489
56359,69416,2016-04-01 01:22:56,,6,8,489
56359,69416,2016-04-01 01:23:08,,6,8,489
98228,166707,2016-04-01 17:37:08,,6,8,489
56359,69416,2016-04-01 02:12:17,,6,8,489
22846,37578,2016-04-01 21:10:26,,6,5,78
56359,69416,2016-04-01 02:11:58,,6,8,489
56359,69416,2016-04-01 01:22:56,,6,8,489
56359,69416,2016-04-01 01:22:30,,6,8,489
56359,69416,2016-04-01 01:26:39,,6,8,489
22846,37578,2016-04-01 21:10:14,,6,5,78
56359,69416,2016-04-01 01:26:39,,6,8,489
76347,82836,2016-04-01 21:06:55,,6,8,489
98228,166707,2016-04-01 17:37:16,,6,8,489
97941,32465,2016-04-01 19:52:53,,6,8,489
76347,82836,2016-04-01 21:06:54,,6,8,489
63094,46911,2016-04-01 19:12:19,,6,8,214
63094,46911,2016-04-01 19:12:19,,6,8,214
97941,32465,2016-04-01 19:53:12,,6,8,489
74677,10098,2016-04-01 10:41:04,,6,7,157
97941,32465,2016-04-01 19:52:53,,6,8,489
14454,46911,2016-04-01 12:03:58,,6,8,214
14454,46911,2016-04-01 12:03:58,,6,8,214
14454,46911,2016-04-01 12:04:25,,6,8,214
14454,46911,2016-04-01 12:03:58,,6,8,214
75473,125446,2016-04-01 07:15:02,,6,5,225
75473,125446,2016-04-01 07:15:46,,6,5,225
57918,32465,2016-04-01 22:43:14,,6,8,489
75473,125446,2016-04-01 07:15:46,,6,5,225
75473,125446,2016-04-01 07:16:12,,6,5,225
75473,125446,2016-04-01 07:15:46,,6,5,225
75473,125446,2016-04-01 07:15:46,,6,5,225
57918,32465,2016-04-01 22:43:14,,6,8,489
75473,125446,2016-04-01 07:15:13,,6,5,225
57918,32465,2016-04-01 22:43:26,,6,8,489
75473,125446,2016-04-01 07:16:42,,6,5,225
75473,125446,2016-04-01 07:15:44,,6,5,225
75473,125446,2016-04-01 07:15:38,,6,5,225
75473,125446,2016-04-01 07:15:48,,6,5,225
75473,125446,2016-04-01 07:15:48,,6,5,225
77627,88814,2016-04-01 17:39:40,,6,8,214
77627,88814,2016-04-01 17:38:25,,6,8,214
75473,125446,2016-04-01 07:15:47,,6,5,225
75473,125446,2016-04-01 07:15:45,,6,5,225
75473,125446,2016-04-01 07:07:25,,6,5,225
75473,125446,2016-04-01 07:15:41,,6,5,225
75473,125446,2016-04-01 07:07:07,,6,5,225
75473,125446,2016-04-01 07:07:07,,6,5,225
75473,125446,2016-04-01 07:11:51,,6,5,225
75473,125446,2016-04-01 07:11:51,,6,5,225
75473,125446,2016-04-01 07:16:09,,6,5,225
77627,88814,2016-04-01 17:39:36,,6,8,214
77627,88814,2016-04-01 17:39:32,,6,8,214
75473,125446,2016-04-01 07:15:17,,6,5,225
75473,125446,2016-04-01 07:16:31,,6,5,225
75473,125446,2016-04-01 07:16:31,,6,5,225
57918,32465,2016-04-01 22:43:28,,6,8,489
77627,88814,2016-04-01 17:38:28,,6,8,214
57918,32465,2016-04-01 22:43:26,,6,8,489
75473,125446,2016-04-01 07:15:49,,6,5,225
55042,155389,2016-04-01 17:29:42,,6,7,306
55042,155389,2016-04-01 17:29:26,,6,7,306
55042,155389,2016-04-01 17:29:25,,6,7,306
55042,155389,2016-04-01 17:29:44,,6,7,306
80368,155389,2016-04-01 20:30:51,,6,7,306
80368,155389,2016-04-01 20:30:51,,6,7,306
80368,155389,2016-04-01 20:30:50,,6,7,306
80368,155389,2016-04-01 20:30:49,,6,7,306
103210,95672,2016-04-01 15:10:14,,6,9,657
103210,95672,2016-04-01 15:10:15,,6,9,657
98594,34547,2016-04-01 16:42:45,,6,5,479
98594,34547,2016-04-01 16:42:44,,6,5,479
81732,34547,2016-04-01 09:20:34,,6,5,479
81732,34547,2016-04-01 09:20:33,,6,5,479
81732,34547,2016-04-01 09:21:11,,6,5,479
81732,34547,2016-04-01 09:21:11,,6,5,479
74886,34851,2016-04-01 19:04:00,,6,5,489
74886,34851,2016-04-01 19:04:17,,6,5,489
74886,34851,2016-04-01 18:04:54,,6,5,489
74886,34851,2016-04-01 19:04:17,,6,5,489
74886,34851,2016-04-01 19:04:02,,6,5,489
74886,34851,2016-04-01 18:04:55,,6,5,489
82868,125699,2016-04-01 12:49:58,,6,5,489
64330,32465,2016-04-01 07:23:46,,6,8,489
64330,32465,2016-04-01 07:23:45,,6,8,489
96873,32465,2016-04-01 10:13:30,,6,8,489
82868,125699,2016-04-01 12:50:00,,6,5,489
62724,154504,2016-04-01 13:55:55,,6,5,489
62724,154504,2016-04-01 13:55:57,,6,5,489
77627,88814,2016-04-01 17:38:35,,6,8,214
92192,8832,2016-04-01 20:59:14,,6,6,489
29948,144364,2016-04-01 02:19:08,,6,8,48
92192,8832,2016-04-01 16:30:30,,6,6,489
92192,8832,2016-04-01 20:59:13,,6,6,489
92192,8832,2016-04-01 16:32:39,,6,6,489
29948,144364,2016-04-01 02:09:21,,6,8,48
81301,32465,2016-04-01 14:48:07,,6,8,489
81301,32465,2016-04-01 14:48:04,,6,8,489
80450,32465,2016-04-01 18:13:47,,6,8,489
80450,32465,2016-04-01 18:13:47,,6,8,489
29948,144364,2016-04-01 02:09:21,,6,8,48
61141,102732,2016-04-01 03:56:04,,6,5,893
80450,32465,2016-04-01 18:14:25,,6,8,489
29948,144364,2016-04-01 02:19:08,,6,8,48
92192,8832,2016-04-01 16:30:31,,6,6,489
2509,167087,2016-04-01 09:29:58,,6,4,581
2509,167087,2016-04-01 09:29:59,,6,4,581
2172,167087,2016-04-01 23:25:07,,6,4,581
80450,32465,2016-04-01 18:14:25,,6,8,489
61141,102732,2016-04-01 03:51:56,,6,5,893
2172,167087,2016-04-01 23:24:48,,6,4,581
2172,167087,2016-04-01 23:24:47,,6,4,581
61231,167087,2016-04-01 23:51:26,,6,4,581
61231,167087,2016-04-01 23:52:36,,6,4,581
61231,167087,2016-04-01 23:50:55,,6,4,581
77627,88814,2016-04-01 17:38:35,,6,8,214
29948,144364,2016-04-01 02:19:01,,6,8,48
61231,167087,2016-04-01 23:51:27,,6,4,581
61231,167087,2016-04-01 23:51:39,,6,4,581
61231,167087,2016-04-01 23:51:07,,6,4,581
61231,167087,2016-04-01 23:52:03,,6,4,581
61231,167087,2016-04-01 23:50:54,,6,4,581
85217,32465,2016-04-01 05:57:00,,6,8,489
61231,167087,2016-04-01 23:52:36,,6,4,581
54233,42959,2016-04-01 12:51:44,,6,4,658
54233,42959,2016-04-01 12:51:45,,6,4,658
65490,65488,2016-04-01 22:33:46,,6,4,658
65490,65488,2016-04-01 22:33:48,,6,4,658
85217,32465,2016-04-01 05:57:01,,6,8,489
69331,65488,2016-04-01 11:39:47,,6,4,658
69331,65488,2016-04-01 11:40:08,,6,4,658
69331,65488,2016-04-01 11:39:49,,6,4,658
69331,65488,2016-04-01 11:40:19,,6,4,658
85217,32465,2016-04-01 22:27:36,,6,8,489
69331,65488,2016-04-01 11:40:21,,6,4,658
2509,65488,2016-04-01 09:38:26,,6,4,658
77627,88814,2016-04-01 17:39:35,,6,8,214
2509,65488,2016-04-01 09:38:25,,6,4,658
85217,32465,2016-04-01 22:27:37,,6,8,489
29948,144364,2016-04-01 02:17:30,,6,8,48
3136,32465,2016-04-01 21:25:16,,6,8,489
85699,150879,2016-04-01 20:35:55,,6,4,36
85699,150879,2016-04-01 20:39:31,,6,4,36
85699,150879,2016-04-01 20:39:34,,6,4,36
85699,150879,2016-04-01 20:35:54,,6,4,36
85699,150879,2016-04-01 20:36:59,,6,4,36
3136,32465,2016-04-01 21:25:04,,6,8,489
3136,32465,2016-04-01 21:25:17,,6,8,489
3136,32465,2016-04-01 21:24:43,,6,8,489
50014,32465,2016-04-01 20:45:22,,6,8,489
50014,32465,2016-04-01 20:45:24,,6,8,489
50014,32465,2016-04-01 19:53:37,,6,8,489
85699,150879,2016-04-01 20:35:05,,6,4,36
85699,150879,2016-04-01 20:34:55,,6,4,36
85699,150879,2016-04-01 20:34:57,,6,4,36
101171,48990,2016-04-01 18:04:27,,6,4,800
85699,150879,2016-04-01 20:36:59,,6,4,36
55251,2378,2016-04-01 12:15:01,,6,7,306
55251,2378,2016-04-01 12:15:01,,6,7,306
48840,2378,2016-04-01 16:05:11,,6,7,306
48840,2378,2016-04-01 16:05:11,,6,7,306
5854,18103,2016-04-01 19:56:21,,6,8,214
5854,18103,2016-04-01 19:56:21,,6,8,214
83029,18103,2016-04-01 17:33:42,,6,8,214
8020,18103,2016-04-01 14:48:55,,6,8,214
6318,18103,2016-04-01 22:05:45,,6,8,214
4943,18103,2016-04-01 13:55:23,,6,8,214
4943,18103,2016-04-01 13:55:03,,6,8,214
41374,164258,2016-04-01 12:13:46,,6,8,214
41374,164258,2016-04-01 12:14:03,,6,8,214
41374,164258,2016-04-01 12:14:03,,6,8,214
41374,164258,2016-04-01 12:14:04,,6,8,214
50014,32465,2016-04-01 19:53:36,,6,8,489
41374,164258,2016-04-01 12:14:04,,6,8,214
34726,32465,2016-04-01 07:36:14,,6,8,489
34726,32465,2016-04-01 07:35:38,,6,8,489
34726,32465,2016-04-01 07:36:39,,6,8,489
34726,32465,2016-04-01 07:24:58,,6,8,489
34726,32465,2016-04-01 07:17:31,,6,8,489
101171,48990,2016-04-01 18:04:26,,6,4,800
34726,32465,2016-04-01 07:24:34,,6,8,489
65526,120878,2016-04-01 21:38:55,,6,8,214
34726,32465,2016-04-01 07:34:58,,6,8,489
34726,32465,2016-04-01 07:16:16,,6,8,489
29948,144364,2016-04-01 02:17:35,,6,8,48
34726,32465,2016-04-01 07:36:11,,6,8,489
34726,32465,2016-04-01 07:21:02,,6,8,489
34726,32465,2016-04-01 07:17:30,,6,8,489
65526,120878,2016-04-01 21:39:03,,6,8,214
34726,32465,2016-04-01 07:35:35,,6,8,489
41374,164258,2016-04-01 12:14:07,,6,8,214
41374,164258,2016-04-01 12:14:07,,6,8,214
41374,164258,2016-04-01 12:13:55,,6,8,214
41374,164258,2016-04-01 12:13:55,,6,8,214
41374,164258,2016-04-01 12:13:46,,6,8,214
63728,164258,2016-04-01 15:10:01,,6,8,214
63728,164258,2016-04-01 15:10:10,,6,8,214
63728,164258,2016-04-01 15:13:00,,6,8,214
63728,164258,2016-04-01 15:13:00,,6,8,214
63728,164258,2016-04-01 15:13:02,,6,8,214
63728,164258,2016-04-01 15:10:00,,6,8,214
96873,164258,2016-04-01 22:21:19,,6,8,214
96873,164258,2016-04-01 22:21:47,,6,8,214
69093,164258,2016-04-01 18:05:16,,6,8,214
69093,164258,2016-04-01 18:05:16,,6,8,214
69093,164258,2016-04-01 18:05:25,,6,8,214
34726,32465,2016-04-01 07:35:53,,6,8,489
69093,164258,2016-04-01 18:07:25,,6,8,214
69093,164258,2016-04-01 18:07:25,,6,8,214
72417,164258,2016-04-01 15:31:26,,6,8,214
72417,164258,2016-04-01 15:31:26,,6,8,214
69093,164258,2016-04-01 18:05:27,,6,8,214
69093,164258,2016-04-01 18:05:08,,6,8,214
69093,164258,2016-04-01 18:05:23,,6,8,214
69093,164258,2016-04-01 18:06:53,,6,8,214
83029,164258,2016-04-01 21:29:55,,6,8,214
83029,164258,2016-04-01 21:29:44,,6,8,214
69093,164258,2016-04-01 18:05:22,,6,8,214
69093,164258,2016-04-01 18:06:59,,6,8,214
69093,164258,2016-04-01 18:06:53,,6,8,214
89482,164258,2016-04-01 21:10:16,,6,8,214
89482,164258,2016-04-01 21:10:17,,6,8,214
89482,164258,2016-04-01 21:10:25,,6,8,214
47755,164258,2016-04-01 20:43:22,,6,8,214
47755,164258,2016-04-01 20:42:34,,6,8,214
47755,164258,2016-04-01 20:43:29,,6,8,214
47755,164258,2016-04-01 20:42:35,,6,8,214
47755,164258,2016-04-01 20:46:59,,6,8,214
47755,164258,2016-04-01 20:47:01,,6,8,214
47755,164258,2016-04-01 20:43:10,,6,8,214
47755,164258,2016-04-01 20:43:18,,6,8,214
93648,164258,2016-04-01 22:16:10,,6,8,214
34726,32465,2016-04-01 07:18:12,,6,8,489
34726,32465,2016-04-01 07:36:40,,6,8,489
93648,164258,2016-04-01 22:16:09,,6,8,214
73806,164258,2016-04-01 08:36:47,,6,8,214
73806,61531,2016-04-01 08:38:22,,6,8,214
93929,61531,2016-04-01 22:12:44,,6,8,214
65526,120878,2016-04-01 21:38:54,,6,8,214
66017,22140,2016-04-01 20:45:45,,6,6,306
66017,22140,2016-04-01 20:45:46,,6,6,306
93929,61531,2016-04-01 22:20:51,,6,8,214
93929,61531,2016-04-01 22:20:59,,6,8,214
93929,61531,2016-04-01 22:12:48,,6,8,214
50429,61531,2016-04-01 10:19:48,,6,8,214
50429,61531,2016-04-01 10:19:47,,6,8,214
46247,61531,2016-04-01 22:33:11,,6,8,214
29948,144364,2016-04-01 02:19:00,,6,8,48
55037,22140,2016-04-01 20:58:10,,6,6,306
34726,32465,2016-04-01 07:22:14,,6,8,489
29948,144364,2016-04-01 02:07:09,,6,8,48
29948,144364,2016-04-01 02:48:15,,6,8,48
34726,32465,2016-04-01 07:36:42,,6,8,489
34726,32465,2016-04-01 07:36:11,,6,8,489
55037,22140,2016-04-01 20:58:10,,6,6,306
27654,22140,2016-04-01 19:01:07,,6,6,306
34726,32465,2016-04-01 07:16:20,,6,8,489
46247,61531,2016-04-01 22:33:13,,6,8,214
42066,61531,2016-04-01 11:52:19,,6,8,214
42066,61531,2016-04-01 11:52:22,,6,8,214
5108,61531,2016-04-01 08:12:03,,6,8,214
5108,61531,2016-04-01 08:12:04,,6,8,214
5108,61531,2016-04-01 08:17:52,,6,8,214
5108,61531,2016-04-01 07:56:35,,6,8,214
5108,61531,2016-04-01 07:58:01,,6,8,214
29948,144364,2016-04-01 02:07:09,,6,8,48
34726,32465,2016-04-01 07:17:02,,6,8,489
34726,32465,2016-04-01 07:24:30,,6,8,489
34726,32465,2016-04-01 07:27:40,,6,8,489
34726,32465,2016-04-01 07:36:13,,6,8,489
34726,32465,2016-04-01 07:36:13,,6,8,489
5108,61531,2016-04-01 10:38:11,,6,8,214
5108,61531,2016-04-01 10:38:13,,6,8,214
5108,61531,2016-04-01 08:17:52,,6,8,214
5108,61531,2016-04-01 07:56:35,,6,8,214
77627,61531,2016-04-01 12:20:08,,6,8,214
77627,61531,2016-04-01 12:20:13,,6,8,214
27654,22140,2016-04-01 19:01:08,,6,6,306
34726,32465,2016-04-01 07:21:15,,6,8,489
1298,32465,2016-04-01 03:37:06,,6,8,489
1298,32465,2016-04-01 03:37:05,,6,8,489
17978,32465,2016-04-01 12:20:37,,6,8,489
17978,32465,2016-04-01 12:20:36,,6,8,489
77627,61531,2016-04-01 12:20:04,,6,8,214
77627,61531,2016-04-01 12:20:21,,6,8,214
85079,61531,2016-04-01 18:59:43,,6,8,214
89642,32465,2016-04-01 16:51:40,,6,8,489
89642,32465,2016-04-01 16:51:41,,6,8,489
61141,102732,2016-04-01 03:51:57,,6,5,893
61141,102732,2016-04-01 03:54:12,,6,5,893
86167,32465,2016-04-01 07:23:55,,6,8,489
86167,32465,2016-04-01 07:23:57,,6,8,489
86167,32465,2016-04-01 07:24:04,,6,8,489
61141,102732,2016-04-01 03:55:09,,6,5,893
27654,22140,2016-04-01 19:01:15,,6,6,306
27654,22140,2016-04-01 19:01:15,,6,6,306
62876,32465,2016-04-01 19:20:41,,6,8,489
62876,32465,2016-04-01 19:20:42,,6,8,489
47632,32465,2016-04-01 00:01:58,,6,8,489
85079,61531,2016-04-01 18:59:40,,6,8,214
76313,22140,2016-04-01 17:08:06,,6,6,306
47632,32465,2016-04-01 00:01:58,,6,8,489
47632,32465,2016-04-01 00:01:38,,6,8,489
85079,61531,2016-04-01 18:59:38,,6,8,214
63094,61531,2016-04-01 19:02:25,,6,8,214
47632,32465,2016-04-01 00:01:58,,6,8,489
63094,61531,2016-04-01 19:02:23,,6,8,214
96873,61531,2016-04-01 22:42:35,,6,8,214
35251,61531,2016-04-01 20:14:06,,6,8,214
76313,22140,2016-04-01 17:08:06,,6,6,306
35251,61531,2016-04-01 20:14:04,,6,8,214
101542,22140,2016-04-01 20:06:26,,6,6,306
47755,61531,2016-04-01 20:41:16,,6,8,214
47755,61531,2016-04-01 20:41:14,,6,8,214
47755,61531,2016-04-01 20:41:17,,6,8,214
47632,32465,2016-04-01 00:01:36,,6,8,489
47632,32465,2016-04-01 00:01:58,,6,8,489
22306,32465,2016-04-01 10:12:51,,6,8,489
101542,22140,2016-04-01 20:06:26,,6,6,306
22306,32465,2016-04-01 10:12:46,,6,8,489
47755,61531,2016-04-01 20:41:05,,6,8,214
47755,61531,2016-04-01 20:41:06,,6,8,214
30197,61531,2016-04-01 15:41:41,,6,8,214
30197,61531,2016-04-01 15:41:41,,6,8,214
94356,156714,2016-04-01 23:43:47,,6,8,214
94356,156714,2016-04-01 23:58:26,,6,8,214
31318,22140,2016-04-01 22:55:45,,6,6,306
94356,156714,2016-04-01 23:48:57,,6,8,214
22306,32465,2016-04-01 10:14:26,,6,8,489
94356,156714,2016-04-01 23:43:48,,6,8,214
94356,156714,2016-04-01 23:38:54,,6,8,214
94356,156714,2016-04-01 23:58:27,,6,8,214
61141,102732,2016-04-01 03:52:34,,6,5,893
94356,156714,2016-04-01 23:44:15,,6,8,214
94356,156714,2016-04-01 23:38:55,,6,8,214
94356,156714,2016-04-01 23:58:58,,6,8,214
94356,156714,2016-04-01 23:44:51,,6,8,214
94356,156714,2016-04-01 23:46:46,,6,8,214
94356,156714,2016-04-01 23:46:20,,6,8,214
94356,156714,2016-04-01 23:47:05,,6,8,214
22306,32465,2016-04-01 10:14:29,,6,8,489
94356,156714,2016-04-01 23:46:19,,6,8,214
94356,156714,2016-04-01 23:58:39,,6,8,214
94356,156714,2016-04-01 23:44:53,,6,8,214
94356,156714,2016-04-01 23:47:07,,6,8,214
94356,156714,2016-04-01 23:47:55,,6,8,214
59821,111741,2016-04-01 18:13:08,,6,8,562
94356,156714,2016-04-01 23:40:23,,6,8,214
94356,156714,2016-04-01 23:40:22,,6,8,214
94356,156714,2016-04-01 23:58:57,,6,8,214
98208,111741,2016-04-01 17:15:51,,6,8,562
98208,111741,2016-04-01 17:15:51,,6,8,562
94356,156714,2016-04-01 23:48:55,,6,8,214
2509,169234,2016-04-01 09:36:45,,6,4,800
31318,22140,2016-04-01 23:03:59,,6,6,306
31318,22140,2016-04-01 23:04:36,,6,6,306
31318,22140,2016-04-01 22:57:39,,6,6,306
83029,125188,2016-04-01 17:05:21,,6,5,479
22306,32465,2016-04-01 10:12:46,,6,8,489
83029,125188,2016-04-01 21:05:47,,6,5,479
22306,32465,2016-04-01 10:12:46,,6,8,489
101467,125188,2016-04-01 04:53:01,,6,5,479
101467,125188,2016-04-01 04:53:00,,6,5,479
59132,125188,2016-04-01 06:10:50,,6,5,479
22306,32465,2016-04-01 10:14:26,,6,8,489
59132,125188,2016-04-01 06:10:46,,6,5,479
59132,125188,2016-04-01 06:10:57,,6,5,479
103210,133766,2016-04-01 14:25:10,,6,9,657
93776,143527,2016-04-01 20:16:25,,6,6,78
103210,133766,2016-04-01 15:20:22,,6,9,657
103210,133766,2016-04-01 14:32:51,,6,9,657
93776,143527,2016-04-01 20:16:26,,6,6,78
103210,133766,2016-04-01 15:14:39,,6,9,657
103210,133766,2016-04-01 15:14:38,,6,9,657
103210,133766,2016-04-01 14:32:51,,6,9,657
103210,133766,2016-04-01 14:25:11,,6,9,657
60421,78894,2016-04-01 18:56:08,,6,4,375
60421,78894,2016-04-01 18:56:17,,6,4,375
60421,78894,2016-04-01 18:56:05,,6,4,375
93776,143527,2016-04-01 20:15:38,,6,6,78
93776,143527,2016-04-01 20:16:06,,6,6,78
16413,143527,2016-04-01 20:55:11,,6,6,78
16413,143527,2016-04-01 20:55:13,,6,6,78
16413,143527,2016-04-01 20:55:49,,6,6,78
16413,143527,2016-04-01 20:55:49,,6,6,78
60421,78894,2016-04-01 18:56:05,,6,4,375
60421,78894,2016-04-01 18:56:17,,6,4,375
2940,78894,2016-04-01 00:16:13,,6,4,375
2940,78894,2016-04-01 21:53:43,,6,4,375
2940,78894,2016-04-01 00:20:47,,6,4,375
31318,22140,2016-04-01 22:57:41,,6,6,306
86034,141583,2016-04-01 07:40:21,,6,9,640
2940,78894,2016-04-01 05:12:45,,6,4,375
86034,141583,2016-04-01 07:40:23,,6,9,640
2940,78894,2016-04-01 00:15:59,,6,4,375
98208,41428,2016-04-01 17:16:02,,6,8,562
86034,141583,2016-04-01 07:39:58,,6,9,640
2940,78894,2016-04-01 05:12:24,,6,4,375
2940,78894,2016-04-01 00:17:37,,6,4,375
86034,141583,2016-04-01 07:38:27,,6,9,640
29948,144364,2016-04-01 02:48:15,,6,8,48
2940,78894,2016-04-01 00:16:02,,6,4,375
2940,78894,2016-04-01 05:13:08,,6,4,375
2940,78894,2016-04-01 00:17:39,,6,4,375
2940,78894,2016-04-01 21:53:44,,6,4,375
86034,141583,2016-04-01 07:40:45,,6,9,640
31318,22140,2016-04-01 22:57:41,,6,6,306
2940,78894,2016-04-01 05:14:22,,6,4,375
2940,78894,2016-04-01 05:12:23,,6,4,375
2940,78894,2016-04-01 05:14:21,,6,4,375
86034,141583,2016-04-01 07:40:57,,6,9,640
31318,22140,2016-04-01 23:04:36,,6,6,306
86034,141583,2016-04-01 07:38:22,,6,9,640
2940,78894,2016-04-01 00:16:17,,6,4,375
2940,78894,2016-04-01 00:18:10,,6,4,375
86034,141583,2016-04-01 07:40:59,,6,9,640
86034,141583,2016-04-01 07:38:53,,6,9,640
86034,141583,2016-04-01 07:40:00,,6,9,640
31318,22140,2016-04-01 22:57:33,,6,6,306
2940,78894,2016-04-01 00:16:15,,6,4,375
2940,78894,2016-04-01 05:12:45,,6,4,375
31318,22140,2016-04-01 22:57:43,,6,6,306
2940,78894,2016-04-01 00:16:17,,6,4,375
31318,22140,2016-04-01 23:04:01,,6,6,306
2940,78894,2016-04-01 00:20:50,,6,4,375
